"","state","date","daily_newcase","total_doses","daily_doses","transcript_sentiment_positive","transcript_sentiment_neutral","transcript_sentiment_negative","avr_positive_tweet_sentiment","avr_neutral_tweet_sentiment","avr_negative_tweet_sentiment"
"1","VIC",2021-09-05,183,5279160,0,NA,NA,NA,NA,NA,NA
"2","VIC",2021-09-04,189,5279160,79351,NA,NA,NA,NA,NA,NA
"3","VIC",2021-09-03,208,5199809,78632,NA,NA,NA,NA,NA,NA
"4","VIC",2021-09-02,175,5121177,81683,NA,NA,NA,NA,NA,NA
"5","VIC",2021-09-01,119,5039494,105018,NA,NA,NA,0.237682926829268,0.288292682926829,0.474024390243902
"6","VIC",2021-08-31,73,4934476,41690,NA,NA,NA,0.158480662983425,0.245055248618785,0.59646408839779
"7","VIC",2021-08-30,72,4892786,40498,NA,NA,NA,0.182798053527981,0.262068126520681,0.555133819951338
"8","VIC",2021-08-29,88,4852288,85806,0.575714286,0.042857143,0.381428571,0.200598958333333,0.264505208333333,0.534895833333333
"9","VIC",2021-08-28,64,4766482,73938,NA,NA,NA,0.221171875,0.2497265625,0.5291015625
"10","VIC",2021-08-27,79,4692544,50982,NA,NA,NA,0.202391304347826,0.290496894409938,0.507111801242236
"11","VIC",2021-08-26,79,4641562,79319,NA,NA,NA,0.193368146214099,0.308198433420366,0.498433420365535
"12","VIC",2021-08-25,45,4562243,74099,0.71,0.056666667,0.233333333,0.21625,0.297731481481481,0.486018518518519
"13","VIC",2021-08-24,48,4488144,67982,NA,NA,NA,0.21,0.211538461538462,0.578461538461538
"14","VIC",2021-08-23,65,4420162,35134,0.4625,0.0475,0.49,0.375,0.25,0.375
"15","VIC",2021-08-22,65,4385028,49457,0.548333333,0.101666667,0.35,0.170666666666667,0.117333333333333,0.712
"16","VIC",2021-08-21,61,4335571,70698,0.33,0.035,0.635,0.180769230769231,0.383076923076923,0.436153846153846
"17","VIC",2021-08-20,56,4264873,70648,NA,NA,NA,0.162,0.285333333333333,0.552666666666667
"18","VIC",2021-08-19,57,4194225,68734,0.4525,0.0525,0.495,0.278461538461538,0.226923076923077,0.494615384615385
"19","VIC",2021-08-18,24,4125491,63740,0.53,0.0625,0.4075,0.134,0.028,0.838
"20","VIC",2021-08-17,24,4061751,79810,0.2,0.06,0.74,0.4225,0.03,0.5475
"21","VIC",2021-08-16,22,3981941,0,0.3025,0.0425,0.655,0.301538461538462,0.182307692307692,0.516153846153846
"22","VIC",2021-08-15,25,4012922,42848,0.435,0.0425,0.5225,0.178,0.293333333333333,0.528666666666667
"23","VIC",2021-08-14,21,3970074,65193,0.51,0.096666667,0.393333333,0.144705882352941,0.193529411764706,0.661764705882353
"24","VIC",2021-08-13,15,3904881,64266,0.7275,0.05,0.2225,0.2128,0.2072,0.58
"25","VIC",2021-08-12,23,3840615,61606,0.56,0.0325,0.4075,0.28,0.266470588235294,0.453529411764706
"26","VIC",2021-08-11,20,3779009,55469,0.4675,0.06375,0.46875,0.0571428571428571,0.271428571428571,0.671428571428571
"27","VIC",2021-08-10,20,3723540,57536,0.43,0.265,0.305,0.208181818181818,0.363636363636364,0.428181818181818
"28","VIC",2021-08-09,11,3666004,25225,0.435,0.045,0.52,0.596,0.156666666666667,0.247333333333333
"29","VIC",2021-08-08,12,3640779,32443,0.6625,0.055,0.2825,0.29952380952381,0.208095238095238,0.492380952380952
"30","VIC",2021-08-07,29,3608336,50115,0.525,0.065,0.41,0.053,0.384,0.563
"31","VIC",2021-08-06,6,3558221,48738,NA,NA,NA,0.236666666666667,0.216666666666667,0.546666666666667
"32","VIC",2021-08-05,6,3509483,45939,0.5375,0.0575,0.405,0.137333333333333,0.314,0.548666666666667
"33","VIC",2021-08-04,1,3463544,41767,0.52,0.046666667,0.433333333,0.338888888888889,0.275555555555556,0.385555555555556
"34","VIC",2021-08-03,5,3421777,45236,0.35,0.0275,0.6225,0.18,0.30125,0.51875
"35","VIC",2021-08-02,2,3376541,19507,NA,NA,NA,0.196,0.387,0.417
"36","VIC",2021-08-01,4,3357034,28288,NA,NA,NA,0.204285714285714,0.255714285714286,0.54
"37","VIC",2021-07-31,2,3328746,45280,NA,NA,NA,0.252727272727273,0.446363636363636,0.300909090909091
"38","VIC",2021-07-30,3,3283466,45938,NA,NA,NA,0.328333333333333,0.305,0.366666666666667
"39","VIC",2021-07-29,7,3237528,43603,NA,NA,NA,0.3625,0.0933333333333333,0.544166666666667
"40","VIC",2021-07-28,8,3193925,43123,NA,NA,NA,0.6375,0.3575,0.005
"41","VIC",2021-07-27,10,3150802,48341,NA,NA,NA,0.0433333333333333,0.383333333333333,0.573333333333333
"42","VIC",2021-07-26,12,3102461,21528,NA,NA,NA,0.04,0,0.96
"43","VIC",2021-07-25,12,3080933,28442,NA,NA,NA,0.145,0,0.855
"44","VIC",2021-07-24,12,3052491,44179,NA,NA,NA,0.334545454545455,0.282727272727273,0.382727272727273
"45","VIC",2021-07-23,14,3008312,47503,NA,NA,NA,0.484285714285714,0.175714285714286,0.34
"46","VIC",2021-07-22,27,2960809,46459,NA,NA,NA,0.0830769230769231,0.179230769230769,0.737692307692308
"47","VIC",2021-07-21,23,2914350,37251,NA,NA,NA,0.121666666666667,0.346666666666667,0.531666666666667
"48","VIC",2021-07-20,15,2877099,45529,NA,NA,NA,0.2175,0.491666666666667,0.290833333333333
"49","VIC",2021-07-19,14,2831570,16744,NA,NA,NA,0.27,0.4025,0.3275
"50","VIC",2021-07-18,18,2814826,24857,NA,NA,NA,0.0125,0.525,0.4625
"51","VIC",2021-07-17,20,2789969,39228,NA,NA,NA,0.176666666666667,0.126666666666667,0.696666666666667
"52","VIC",2021-07-16,10,2750741,37590,NA,NA,NA,0.0891666666666667,0.3225,0.588333333333333
"53","VIC",2021-07-15,10,2713151,35575,NA,NA,NA,0.189285714285714,0.282857142857143,0.527857142857143
"54","VIC",2021-07-14,2,2677576,32415,NA,NA,NA,0.235,0.0958333333333333,0.669166666666667
"55","VIC",2021-07-13,3,2645161,40041,NA,NA,NA,0.556666666666667,0.206666666666667,0.236666666666667
"56","VIC",2021-07-12,0,2605120,14792,NA,NA,NA,0,0.025,0.975
"57","VIC",2021-07-11,0,2590328,20188,NA,NA,NA,0.28,0.106666666666667,0.613333333333333
"58","VIC",2021-07-10,3,2570140,31914,NA,NA,NA,0.18,0.81,0.01
"59","VIC",2021-07-09,1,2538226,34287,NA,NA,NA,0.327142857142857,0.387142857142857,0.285714285714286
"60","VIC",2021-07-08,0,2503939,24104,NA,NA,NA,0.156,0.339,0.505
"61","VIC",2021-07-07,0,2479835,44194,NA,NA,NA,0.02,0.161428571428571,0.818571428571429
"62","VIC",2021-07-06,2,2435641,41403,NA,NA,NA,0.99,0.01,0
"63","VIC",2021-07-05,2,2394238,14443,NA,NA,NA,0.433333333333333,0.336666666666667,0.23
"64","VIC",2021-07-04,1,2379795,19384,NA,NA,NA,0.225,0.285,0.49
"65","VIC",2021-07-03,0,2360411,36854,NA,NA,NA,0.296666666666667,0.225555555555556,0.477777777777778
"66","VIC",2021-07-02,3,2323557,37463,NA,NA,NA,0.268,0.416,0.316
"67","VIC",2021-07-01,0,2286094,38628,NA,NA,NA,0.99,0.01,0
"68","VIC",2021-06-30,2,2247466,35102,NA,NA,NA,NA,NA,NA
"69","VIC",2021-06-29,2,2212364,39490,NA,NA,NA,NA,NA,NA
"70","VIC",2021-06-28,2,2172874,14727,NA,NA,NA,NA,NA,NA
"71","VIC",2021-06-27,2,2158147,17679,NA,NA,NA,NA,NA,NA
"72","VIC",2021-06-26,3,2140468,33734,NA,NA,NA,NA,NA,NA
"73","VIC",2021-06-25,2,2106734,35730,NA,NA,NA,NA,NA,NA
"74","VIC",2021-06-24,3,2071004,38301,NA,NA,NA,NA,NA,NA
"75","VIC",2021-06-23,1,2032703,41061,NA,NA,NA,NA,NA,NA
"76","VIC",2021-06-22,1,1991642,36498,NA,NA,NA,NA,NA,NA
"77","VIC",2021-06-21,8,1955144,12577,NA,NA,NA,NA,NA,NA
"78","VIC",2021-06-20,1,1942567,18382,NA,NA,NA,NA,NA,NA
"79","VIC",2021-06-19,3,1924185,36662,NA,NA,NA,NA,NA,NA
"80","VIC",2021-06-18,2,1887523,40118,NA,NA,NA,NA,NA,NA
"81","VIC",2021-06-17,1,1847405,40463,NA,NA,NA,NA,NA,NA
"82","VIC",2021-06-16,8,1806942,51093,NA,NA,NA,NA,NA,NA
"83","VIC",2021-06-15,3,1755849,10602,NA,NA,NA,NA,NA,NA
"84","VIC",2021-06-14,6,1745247,17435,NA,NA,NA,NA,NA,NA
"85","VIC",2021-06-13,1,1727812,23222,NA,NA,NA,NA,NA,NA
"86","VIC",2021-06-12,4,1704590,43882,NA,NA,NA,NA,NA,NA
"87","VIC",2021-06-11,1,1660708,50637,NA,NA,NA,NA,NA,NA
"88","VIC",2021-06-10,4,1610071,51347,NA,NA,NA,NA,NA,NA
"89","VIC",2021-06-09,1,1558724,47260,NA,NA,NA,NA,NA,NA
"90","VIC",2021-06-08,3,1511464,49267,NA,NA,NA,NA,NA,NA
"91","VIC",2021-06-07,11,1462197,42581,NA,NA,NA,NA,NA,NA
"92","VIC",2021-06-06,8,1419616,42365,NA,NA,NA,NA,NA,NA
"93","VIC",2021-06-05,5,1377251,52102,NA,NA,NA,NA,NA,NA
"94","VIC",2021-06-04,6,1325149,48215,NA,NA,NA,NA,NA,NA
"95","VIC",2021-06-03,3,1276934,50710,NA,NA,NA,NA,NA,NA
"96","VIC",2021-06-02,6,1226224,51176,NA,NA,NA,NA,NA,NA
"97","VIC",2021-06-01,10,1175048,40389,NA,NA,NA,NA,NA,NA
"98","VIC",2021-05-31,5,1134659,20909,NA,NA,NA,NA,NA,NA
"99","VIC",2021-05-30,6,1113750,27448,NA,NA,NA,NA,NA,NA
"100","VIC",2021-05-29,6,1086302,43458,NA,NA,NA,NA,NA,NA
"101","VIC",2021-05-28,6,1042844,41389,NA,NA,NA,NA,NA,NA
"102","VIC",2021-05-27,12,1001455,30426,NA,NA,NA,NA,NA,NA
"103","VIC",2021-05-26,10,971029,30498,NA,NA,NA,NA,NA,NA
"104","VIC",2021-05-25,4,940531,11424,NA,NA,NA,NA,NA,NA
"105","VIC",2021-05-24,1,929107,4964,NA,NA,NA,NA,NA,NA
"106","VIC",2021-05-23,1,924143,9175,NA,NA,NA,NA,NA,NA
"107","VIC",2021-05-22,0,914968,21741,NA,NA,NA,NA,NA,NA
"108","VIC",2021-05-21,0,893227,26553,NA,NA,NA,NA,NA,NA
"109","VIC",2021-05-20,0,866674,24961,NA,NA,NA,NA,NA,NA
"110","VIC",2021-05-19,1,841713,25162,NA,NA,NA,NA,NA,NA
"111","VIC",2021-05-18,0,816551,24217,NA,NA,NA,NA,NA,NA
"112","VIC",2021-05-17,1,792334,4370,NA,NA,NA,NA,NA,NA
"113","VIC",2021-05-16,4,787964,7667,NA,NA,NA,NA,NA,NA
"114","VIC",2021-05-15,1,780297,19954,NA,NA,NA,NA,NA,NA
"115","VIC",2021-05-14,1,760343,21895,NA,NA,NA,NA,NA,NA
"116","VIC",2021-05-13,1,738448,23393,NA,NA,NA,NA,NA,NA
"117","VIC",2021-05-12,1,715055,19769,NA,NA,NA,NA,NA,NA
"118","VIC",2021-05-11,1,695286,22044,NA,NA,NA,NA,NA,NA
"119","VIC",2021-05-10,2,673242,3213,NA,NA,NA,NA,NA,NA
"120","VIC",2021-05-09,5,670029,7956,NA,NA,NA,NA,NA,NA
"121","VIC",2021-05-08,1,662073,18528,NA,NA,NA,NA,NA,NA
"122","VIC",2021-05-07,0,643545,24564,NA,NA,NA,NA,NA,NA
"123","VIC",2021-05-06,2,618981,22537,NA,NA,NA,NA,NA,NA
"124","VIC",2021-05-05,0,596444,23867,NA,NA,NA,NA,NA,NA
"125","VIC",2021-05-04,1,572577,19155,NA,NA,NA,NA,NA,NA
"126","VIC",2021-05-03,1,553422,2281,NA,NA,NA,NA,NA,NA
"127","VIC",2021-05-02,1,551141,4964,NA,NA,NA,NA,NA,NA
"128","VIC",2021-05-01,3,546177,12503,NA,NA,NA,NA,NA,NA
"129","VIC",2021-04-30,2,533674,16805,NA,NA,NA,NA,NA,NA
"130","VIC",2021-04-29,1,516869,20489,NA,NA,NA,NA,NA,NA
"131","VIC",2021-04-28,2,496380,17195,NA,NA,NA,NA,NA,NA
"132","VIC",2021-04-27,4,479185,11854,NA,NA,NA,NA,NA,NA
"133","VIC",2021-04-26,0,467331,1109,NA,NA,NA,NA,NA,NA
"134","VIC",2021-04-25,1,466222,6376,NA,NA,NA,NA,NA,NA
"135","VIC",2021-04-24,2,459846,13395,NA,NA,NA,NA,NA,NA
"136","VIC",2021-04-23,2,446451,19185,NA,NA,NA,NA,NA,NA
"137","VIC",2021-04-22,2,427266,16937,NA,NA,NA,NA,NA,NA
"138","VIC",2021-04-21,3,410329,15074,NA,NA,NA,NA,NA,NA
"139","VIC",2021-04-20,1,395255,16705,NA,NA,NA,NA,NA,NA
"140","VIC",2021-04-19,4,378550,18777,NA,NA,NA,NA,NA,NA
"141","VIC",2021-04-18,0,359773,5283,NA,NA,NA,NA,NA,NA
"142","VIC",2021-04-17,3,354490,13009,NA,NA,NA,NA,NA,NA
"143","VIC",2021-04-16,0,341481,14182,NA,NA,NA,NA,NA,NA
"144","VIC",2021-04-15,5,327299,14581,NA,NA,NA,NA,NA,NA
"145","VIC",2021-04-14,0,312718,14382,NA,NA,NA,NA,NA,NA
"146","VIC",2021-04-13,0,298336,13094,NA,NA,NA,NA,NA,NA
"147","VIC",2021-04-12,2,285242,3528,NA,NA,NA,NA,NA,NA
"148","VIC",2021-04-11,0,281714,7408,NA,NA,NA,NA,NA,NA
"149","VIC",2021-04-10,1,274306,13256,NA,NA,NA,NA,NA,NA
"150","VIC",2021-04-09,0,261050,131513,NA,NA,NA,NA,NA,NA
"151","VIC",2021-04-08,0,129537,5778,NA,NA,NA,NA,NA,NA
"152","VIC",2021-04-07,0,123759,6059,NA,NA,NA,NA,NA,NA
"153","VIC",2021-04-06,0,117700,1023,NA,NA,NA,NA,NA,NA
"154","VIC",2021-04-05,0,116677,443,NA,NA,NA,NA,NA,NA
"155","VIC",2021-04-04,0,116234,247,NA,NA,NA,NA,NA,NA
"156","VIC",2021-04-03,0,115987,910,NA,NA,NA,NA,NA,NA
"157","VIC",2021-04-02,0,115077,7555,NA,NA,NA,NA,NA,NA
"158","VIC",2021-04-01,0,107522,8457,NA,NA,NA,NA,NA,NA
"159","VIC",2021-03-31,0,99065,6300,NA,NA,NA,NA,NA,NA
"160","VIC",2021-03-30,0,92765,6483,NA,NA,NA,NA,NA,NA
"161","VIC",2021-03-29,1,86282,2072,NA,NA,NA,NA,NA,NA
"162","VIC",2021-03-28,0,84210,3512,NA,NA,NA,NA,NA,NA
"163","VIC",2021-03-27,0,80698,5072,NA,NA,NA,NA,NA,NA
"164","VIC",2021-03-26,0,75626,6034,NA,NA,NA,NA,NA,NA
"165","VIC",2021-03-25,0,69592,5698,NA,NA,NA,NA,NA,NA
"166","VIC",2021-03-24,0,63894,4385,NA,NA,NA,NA,NA,NA
"167","VIC",2021-03-23,0,59509,4486,NA,NA,NA,NA,NA,NA
"168","VIC",2021-03-22,0,55023,1342,NA,NA,NA,NA,NA,NA
"169","VIC",2021-03-21,0,53681,1398,NA,NA,NA,NA,NA,NA
"170","VIC",2021-03-20,0,52283,4552,NA,NA,NA,NA,NA,NA
"171","VIC",2021-03-19,0,47731,4742,NA,NA,NA,NA,NA,NA
"172","VIC",2021-03-18,0,42989,4041,NA,NA,NA,NA,NA,NA
"173","VIC",2021-03-17,0,38948,3666,NA,NA,NA,NA,NA,NA
"174","VIC",2021-03-16,0,35282,3474,NA,NA,NA,NA,NA,NA
"175","VIC",2021-03-15,0,31808,606,NA,NA,NA,NA,NA,NA
"176","VIC",2021-03-14,0,31202,904,NA,NA,NA,NA,NA,NA
"177","VIC",2021-03-13,0,30298,4350,NA,NA,NA,NA,NA,NA
"178","VIC",2021-03-12,0,25948,3631,NA,NA,NA,NA,NA,NA
"179","VIC",2021-03-11,0,22317,3992,NA,NA,NA,NA,NA,NA
"180","VIC",2021-03-10,0,18325,2831,NA,NA,NA,NA,NA,NA
"181","VIC",2021-03-09,1,15494,1072,NA,NA,NA,NA,NA,NA
"182","VIC",2021-03-08,1,14422,844,NA,NA,NA,NA,NA,NA
"183","VIC",2021-03-07,0,13578,727,NA,NA,NA,NA,NA,NA
"184","VIC",2021-03-06,0,12851,1944,NA,NA,NA,NA,NA,NA
"185","VIC",2021-03-05,0,10907,2262,NA,NA,NA,NA,NA,NA
"186","VIC",2021-03-04,0,8645,1969,NA,NA,NA,NA,NA,NA
"187","VIC",2021-03-03,0,6676,1656,NA,NA,NA,NA,NA,NA
"188","VIC",2021-03-02,0,5020,1158,NA,NA,NA,NA,NA,NA
"189","VIC",2021-03-01,0,3862,100,NA,NA,NA,NA,NA,NA
"190","VIC",2021-02-28,0,3762,149,NA,NA,NA,NA,NA,NA
"191","VIC",2021-02-27,0,3613,711,NA,NA,NA,NA,NA,NA
"192","VIC",2021-02-26,2,2902,839,NA,NA,NA,NA,NA,NA
"193","VIC",2021-02-25,0,2063,808,NA,NA,NA,NA,NA,NA
"194","VIC",2021-02-24,0,1255,675,NA,NA,NA,NA,NA,NA
"195","VIC",2021-02-23,0,580,580,NA,NA,NA,NA,NA,NA
"196","VIC",2021-02-22,0,0,0,NA,NA,NA,NA,NA,NA
"197","VIC",2021-02-21,0,0,0,NA,NA,NA,NA,NA,NA
"198","VIC",2021-02-20,0,0,0,NA,NA,NA,NA,NA,NA
"199","VIC",2021-02-19,3,0,0,NA,NA,NA,NA,NA,NA
"200","VIC",2021-02-18,1,0,0,NA,NA,NA,NA,NA,NA
"201","VIC",2021-02-17,0,0,0,NA,NA,NA,NA,NA,NA
"202","VIC",2021-02-16,4,0,0,NA,NA,NA,NA,NA,NA
"203","VIC",2021-02-15,2,0,0,NA,NA,NA,NA,NA,NA
"204","NSW",2021-09-05,1487,7374708,0,NA,NA,NA,NA,NA,NA
"205","NSW",2021-09-04,1534,7374708,129258,NA,NA,NA,NA,NA,NA
"206","NSW",2021-09-03,1432,7245450,114726,NA,NA,NA,NA,NA,NA
"207","NSW",2021-09-02,1288,7130724,139914,NA,NA,NA,NA,NA,NA
"208","NSW",2021-09-01,1118,6990810,121170,NA,NA,NA,0.195555555555556,0.329753086419753,0.474691358024691
"209","NSW",2021-08-31,1168,6869640,148297,NA,NA,NA,0.186888888888889,0.284952380952381,0.52815873015873
"210","NSW",2021-08-30,1293,6721343,71944,NA,NA,NA,0.171566666666667,0.367566666666667,0.460866666666667
"211","NSW",2021-08-29,1221,6649399,68410,NA,NA,NA,0.174323607427056,0.282068965517241,0.543607427055703
"212","NSW",2021-08-28,1036,6580989,138694,NA,NA,NA,0.187374517374517,0.338725868725869,0.473899613899614
"213","NSW",2021-08-27,885,6442295,138460,NA,NA,NA,0.162987421383648,0.317955974842767,0.519056603773585
"214","NSW",2021-08-26,1034,6303835,142977,NA,NA,NA,0.175920679886686,0.32371104815864,0.500368271954674
"215","NSW",2021-08-25,921,6160858,130784,NA,NA,NA,0.17987987987988,0.324174174174174,0.495945945945946
"216","NSW",2021-08-24,755,6030074,124645,NA,NA,NA,0.175789473684211,0.341578947368421,0.482631578947368
"217","NSW",2021-08-23,818,5905429,59766,NA,NA,NA,0.24,0.153888888888889,0.606111111111111
"218","NSW",2021-08-22,830,5845663,79383,0.282,0.026,0.692,0.355,0.27,0.375
"219","NSW",2021-08-21,832,5766280,127264,0.32,0.07,0.61,0.331428571428571,0.292857142857143,0.375714285714286
"220","NSW",2021-08-20,646,5639016,120581,0.32,0.043076923,0.636923077,0.075,0.27125,0.65375
"221","NSW",2021-08-19,684,5518435,132439,0.3075,0.038333333,0.654166667,0.125,0.505,0.37
"222","NSW",2021-08-18,634,5385996,109550,0.285555556,0.04,0.674444444,0.301818181818182,0.298181818181818,0.4
"223","NSW",2021-08-17,454,5276446,106122,0.295833333,0.034166667,0.67,0.518888888888889,0.188888888888889,0.292222222222222
"224","NSW",2021-08-16,480,5170324,119652,0.366363636,0.040909091,0.592727273,0.168125,0.35,0.481875
"225","NSW",2021-08-15,417,5050672,65634,0.388888889,0.027777778,0.583333333,0.213636363636364,0.34,0.446363636363636
"226","NSW",2021-08-14,467,4985038,105595,0.320909091,0.037272727,0.641818182,0.311764705882353,0.207647058823529,0.480588235294118
"227","NSW",2021-08-13,391,4879443,106331,0.286923077,0.031538462,0.681538462,0.183846153846154,0.184615384615385,0.631538461538461
"228","NSW",2021-08-12,347,4773112,105064,0.252307692,0.033846154,0.713846154,0.333333333333333,0.365555555555556,0.301111111111111
"229","NSW",2021-08-11,344,4668048,106592,0.473636364,0.042727273,0.483636364,0.404444444444444,0.512222222222222,0.0833333333333333
"230","NSW",2021-08-10,360,4561456,98244,0.368181818,0.042727273,0.589090909,0.274285714285714,0.294285714285714,0.431428571428571
"231","NSW",2021-08-09,285,4463212,25483,0.51375,0.0325,0.45375,0.377777777777778,0.133333333333333,0.488888888888889
"232","NSW",2021-08-08,268,4437729,58317,0.474285714,0.058571429,0.467142857,0.176666666666667,0.248888888888889,0.574444444444444
"233","NSW",2021-08-07,321,4379412,89499,0.207,0.027,0.766,0.10875,0.18125,0.71
"234","NSW",2021-08-06,291,4289913,93626,0.324,0.046,0.63,0.015,0.40125,0.58375
"235","NSW",2021-08-05,268,4196287,83620,0.360909091,0.047272727,0.591818182,0.08,0.59,0.33
"236","NSW",2021-08-04,234,4112667,84545,0.278181818,0.040909091,0.680909091,0.34,0.04,0.62
"237","NSW",2021-08-03,202,4028122,84623,0.361,0.039,0.6,0.377857142857143,0.331428571428571,0.290714285714286
"238","NSW",2021-08-02,209,3943499,25888,0.35,0.03,0.62,0.0926666666666667,0.186,0.721333333333333
"239","NSW",2021-08-01,241,3917611,45831,0.342,0.031,0.627,0.181363636363636,0.399090909090909,0.419545454545455
"240","NSW",2021-07-31,212,3871780,82220,0.153333333,0.03,0.816666667,0.178235294117647,0.214117647058824,0.607647058823529
"241","NSW",2021-07-30,172,3789560,83637,0.267,0.034,0.699,0.233125,0.325,0.441875
"242","NSW",2021-07-29,240,3705923,79319,0.265454545,0.035454545,0.699090909,0.364615384615385,0.420769230769231,0.214615384615385
"243","NSW",2021-07-28,177,3626604,76927,0.385384615,0.026923077,0.587692308,0.0388235294117647,0.711176470588235,0.25
"244","NSW",2021-07-27,175,3549677,71396,0.3375,0.025,0.6375,0.102,0.138,0.76
"245","NSW",2021-07-26,151,3478281,23449,0.414,0.028,0.558,0.253846153846154,0.204615384615385,0.541538461538462
"246","NSW",2021-07-25,141,3454832,40700,0.353333333,0.022222222,0.624444444,0.278,0.213,0.509
"247","NSW",2021-07-24,164,3414132,70192,0.2275,0.03375,0.73875,0.265625,0.26375,0.470625
"248","NSW",2021-07-23,141,3343940,75652,0.217142857,0.031428571,0.751428571,0.278888888888889,0.334444444444444,0.386666666666667
"249","NSW",2021-07-22,124,3268288,64905,0.34875,0.0375,0.61375,0.17875,0.14875,0.6725
"250","NSW",2021-07-21,112,3203383,66851,0.38,0.038333333,0.581666667,0.19625,0.125,0.67875
"251","NSW",2021-07-20,79,3136532,65041,0.300769231,0.039230769,0.66,0.304285714285714,0.371428571428571,0.324285714285714
"252","NSW",2021-07-19,100,3071491,20464,0.331818182,0.039090909,0.629090909,0.135,0.495,0.37
"253","NSW",2021-07-18,109,3051027,36573,0.315,0.035,0.65,0.02,0.396666666666667,0.583333333333333
"254","NSW",2021-07-17,117,3014454,62644,0.365,0.036,0.599,0.234285714285714,0.440714285714286,0.325
"255","NSW",2021-07-16,98,2951810,66701,0.306,0.03,0.664,0.46,0.04,0.5
"256","NSW",2021-07-15,67,2885109,58508,0.309090909,0.046363636,0.644545455,0.479090909090909,0.365454545454545,0.155454545454545
"257","NSW",2021-07-14,99,2826601,63455,0.377692308,0.049230769,0.573076923,0,1,0
"258","NSW",2021-07-13,93,2763146,54998,0.225,0.045,0.73,0.158333333333333,0.441666666666667,0.4
"259","NSW",2021-07-12,116,2708148,15925,0.28,0.041818182,0.678181818,0.15,0.367777777777778,0.482222222222222
"260","NSW",2021-07-11,82,2692223,29063,0.325,0.04,0.635,0.43,0.08,0.49
"261","NSW",2021-07-10,52,2663160,51003,0.3225,0.03875,0.63875,0.1375,0.31,0.5525
"262","NSW",2021-07-09,45,2612157,55953,0.304545455,0.040909091,0.654545455,0.377777777777778,0.09,0.532222222222222
"263","NSW",2021-07-08,38,2556204,50650,0.342727273,0.04,0.617272727,0.387272727272727,0.364545454545455,0.248181818181818
"264","NSW",2021-07-07,28,2505554,51994,0.342727273,0.04,0.617272727,0.156666666666667,0.267777777777778,0.575555555555556
"265","NSW",2021-07-06,18,2453560,47708,0.325,0.04,0.635,0.147058823529412,0.308823529411765,0.544117647058823
"266","NSW",2021-07-05,37,2405852,17447,0.377777778,0.028888889,0.593333333,0.17,0.38,0.45
"267","NSW",2021-07-04,16,2388405,26294,0.376666667,0.041666667,0.581666667,0.02,0.505,0.475
"268","NSW",2021-07-03,40,2362111,49483,0.31625,0.03375,0.65,0.12,0.43,0.45
"269","NSW",2021-07-02,32,2312628,52885,0.28,0.061666667,0.658333333,0.282352941176471,0.275294117647059,0.442352941176471
"270","NSW",2021-07-01,28,2259743,48463,0.25,0.05,0.7,0.302307692307692,0.187692307692308,0.51
"271","NSW",2021-06-30,28,2211280,46010,NA,NA,NA,NA,NA,NA
"272","NSW",2021-06-29,20,2165270,38095,NA,NA,NA,NA,NA,NA
"273","NSW",2021-06-28,22,2127175,12652,NA,NA,NA,NA,NA,NA
"274","NSW",2021-06-27,32,2114523,20248,NA,NA,NA,NA,NA,NA
"275","NSW",2021-06-26,12,2094275,35880,NA,NA,NA,NA,NA,NA
"276","NSW",2021-06-25,23,2058395,43006,NA,NA,NA,NA,NA,NA
"277","NSW",2021-06-24,12,2015389,39727,NA,NA,NA,NA,NA,NA
"278","NSW",2021-06-23,17,1975662,39289,NA,NA,NA,NA,NA,NA
"279","NSW",2021-06-22,10,1936373,37235,NA,NA,NA,NA,NA,NA
"280","NSW",2021-06-21,7,1899138,2349,NA,NA,NA,NA,NA,NA
"281","NSW",2021-06-20,6,1896789,17277,NA,NA,NA,NA,NA,NA
"282","NSW",2021-06-19,6,1879512,37496,NA,NA,NA,NA,NA,NA
"283","NSW",2021-06-18,1,1842016,41791,NA,NA,NA,NA,NA,NA
"284","NSW",2021-06-17,5,1800225,39457,NA,NA,NA,NA,NA,NA
"285","NSW",2021-06-16,3,1760768,40434,NA,NA,NA,NA,NA,NA
"286","NSW",2021-06-15,4,1720334,14023,NA,NA,NA,NA,NA,NA
"287","NSW",2021-06-14,6,1706311,1205,NA,NA,NA,NA,NA,NA
"288","NSW",2021-06-13,1,1705106,12998,NA,NA,NA,NA,NA,NA
"289","NSW",2021-06-12,1,1692108,36329,NA,NA,NA,NA,NA,NA
"290","NSW",2021-06-11,1,1655779,41304,NA,NA,NA,NA,NA,NA
"291","NSW",2021-06-10,3,1614475,37917,NA,NA,NA,NA,NA,NA
"292","NSW",2021-06-09,4,1576558,39484,NA,NA,NA,NA,NA,NA
"293","NSW",2021-06-08,5,1537074,36276,NA,NA,NA,NA,NA,NA
"294","NSW",2021-06-07,5,1500798,2735,NA,NA,NA,NA,NA,NA
"295","NSW",2021-06-06,5,1498063,16772,NA,NA,NA,NA,NA,NA
"296","NSW",2021-06-05,0,1481291,35974,NA,NA,NA,NA,NA,NA
"297","NSW",2021-06-04,0,1445317,41722,NA,NA,NA,NA,NA,NA
"298","NSW",2021-06-03,2,1403595,40378,NA,NA,NA,NA,NA,NA
"299","NSW",2021-06-02,1,1363217,37779,NA,NA,NA,NA,NA,NA
"300","NSW",2021-06-01,0,1325438,35474,NA,NA,NA,NA,NA,NA
"301","NSW",2021-05-31,2,1289964,1989,NA,NA,NA,NA,NA,NA
"302","NSW",2021-05-30,5,1287975,15968,NA,NA,NA,NA,NA,NA
"303","NSW",2021-05-29,1,1272007,35752,NA,NA,NA,NA,NA,NA
"304","NSW",2021-05-28,3,1236255,37570,NA,NA,NA,NA,NA,NA
"305","NSW",2021-05-27,0,1198685,35917,NA,NA,NA,NA,NA,NA
"306","NSW",2021-05-26,2,1162768,33966,NA,NA,NA,NA,NA,NA
"307","NSW",2021-05-25,2,1128802,29512,NA,NA,NA,NA,NA,NA
"308","NSW",2021-05-24,2,1099290,1775,NA,NA,NA,NA,NA,NA
"309","NSW",2021-05-23,2,1097515,13088,NA,NA,NA,NA,NA,NA
"310","NSW",2021-05-22,1,1084427,31894,NA,NA,NA,NA,NA,NA
"311","NSW",2021-05-21,0,1052533,34055,NA,NA,NA,NA,NA,NA
"312","NSW",2021-05-20,2,1018478,31772,NA,NA,NA,NA,NA,NA
"313","NSW",2021-05-19,2,986706,30898,NA,NA,NA,NA,NA,NA
"314","NSW",2021-05-18,3,955808,28344,NA,NA,NA,NA,NA,NA
"315","NSW",2021-05-17,2,927464,1222,NA,NA,NA,NA,NA,NA
"316","NSW",2021-05-16,3,926242,12610,NA,NA,NA,NA,NA,NA
"317","NSW",2021-05-15,3,913632,26480,NA,NA,NA,NA,NA,NA
"318","NSW",2021-05-14,1,887152,27906,NA,NA,NA,NA,NA,NA
"319","NSW",2021-05-13,5,859246,26151,NA,NA,NA,NA,NA,NA
"320","NSW",2021-05-12,4,833095,24844,NA,NA,NA,NA,NA,NA
"321","NSW",2021-05-11,4,808251,20977,NA,NA,NA,NA,NA,NA
"322","NSW",2021-05-10,6,787274,1120,NA,NA,NA,NA,NA,NA
"323","NSW",2021-05-09,6,786154,7342,NA,NA,NA,NA,NA,NA
"324","NSW",2021-05-08,6,778812,21588,NA,NA,NA,NA,NA,NA
"325","NSW",2021-05-07,5,757224,22071,NA,NA,NA,NA,NA,NA
"326","NSW",2021-05-06,10,735153,21883,NA,NA,NA,NA,NA,NA
"327","NSW",2021-05-05,11,713270,22134,NA,NA,NA,NA,NA,NA
"328","NSW",2021-05-04,7,691136,17858,NA,NA,NA,NA,NA,NA
"329","NSW",2021-05-03,5,673278,916,NA,NA,NA,NA,NA,NA
"330","NSW",2021-05-02,3,672362,5119,NA,NA,NA,NA,NA,NA
"331","NSW",2021-05-01,4,667243,17345,NA,NA,NA,NA,NA,NA
"332","NSW",2021-04-30,13,649898,19680,NA,NA,NA,NA,NA,NA
"333","NSW",2021-04-29,15,630218,25408,NA,NA,NA,NA,NA,NA
"334","NSW",2021-04-28,9,604810,16760,NA,NA,NA,NA,NA,NA
"335","NSW",2021-04-27,12,588050,13633,NA,NA,NA,NA,NA,NA
"336","NSW",2021-04-26,8,574417,525,NA,NA,NA,NA,NA,NA
"337","NSW",2021-04-25,1,573892,5711,NA,NA,NA,NA,NA,NA
"338","NSW",2021-04-24,1,568181,17839,NA,NA,NA,NA,NA,NA
"339","NSW",2021-04-23,18,550342,19811,NA,NA,NA,NA,NA,NA
"340","NSW",2021-04-22,7,530531,21032,NA,NA,NA,NA,NA,NA
"341","NSW",2021-04-21,8,509499,20742,NA,NA,NA,NA,NA,NA
"342","NSW",2021-04-20,3,488757,19933,NA,NA,NA,NA,NA,NA
"343","NSW",2021-04-19,8,468824,21585,NA,NA,NA,NA,NA,NA
"344","NSW",2021-04-18,6,447239,6843,NA,NA,NA,NA,NA,NA
"345","NSW",2021-04-17,7,440396,17916,NA,NA,NA,NA,NA,NA
"346","NSW",2021-04-16,7,422480,19342,NA,NA,NA,NA,NA,NA
"347","NSW",2021-04-15,9,403138,20451,NA,NA,NA,NA,NA,NA
"348","NSW",2021-04-14,3,382687,20781,NA,NA,NA,NA,NA,NA
"349","NSW",2021-04-13,5,361906,17588,NA,NA,NA,NA,NA,NA
"350","NSW",2021-04-12,9,344318,2003,NA,NA,NA,NA,NA,NA
"351","NSW",2021-04-11,6,342315,7045,NA,NA,NA,NA,NA,NA
"352","NSW",2021-04-10,4,335270,19083,NA,NA,NA,NA,NA,NA
"353","NSW",2021-04-09,2,316187,175636,NA,NA,NA,NA,NA,NA
"354","NSW",2021-04-08,2,140551,6228,NA,NA,NA,NA,NA,NA
"355","NSW",2021-04-07,6,134323,6984,NA,NA,NA,NA,NA,NA
"356","NSW",2021-04-06,7,127339,813,NA,NA,NA,NA,NA,NA
"357","NSW",2021-04-05,3,126526,32,NA,NA,NA,NA,NA,NA
"358","NSW",2021-04-04,1,126494,1299,NA,NA,NA,NA,NA,NA
"359","NSW",2021-04-03,3,125195,839,NA,NA,NA,NA,NA,NA
"360","NSW",2021-04-02,0,124356,6956,NA,NA,NA,NA,NA,NA
"361","NSW",2021-04-01,4,117400,17400,NA,NA,NA,NA,NA,NA
"362","NSW",2021-03-31,4,1e+05,0,NA,NA,NA,NA,NA,NA
"363","NSW",2021-03-30,5,1e+05,3727,NA,NA,NA,NA,NA,NA
"364","NSW",2021-03-29,2,96273,0,NA,NA,NA,NA,NA,NA
"365","NSW",2021-03-28,0,96273,0,NA,NA,NA,NA,NA,NA
"366","NSW",2021-03-27,3,96273,7077,NA,NA,NA,NA,NA,NA
"367","NSW",2021-03-26,3,89196,16253,NA,NA,NA,NA,NA,NA
"368","NSW",2021-03-25,5,72943,0,NA,NA,NA,NA,NA,NA
"369","NSW",2021-03-24,3,72943,0,NA,NA,NA,NA,NA,NA
"370","NSW",2021-03-23,4,72943,8059,NA,NA,NA,NA,NA,NA
"371","NSW",2021-03-22,5,64884,13277,NA,NA,NA,NA,NA,NA
"372","NSW",2021-03-21,2,51607,0,NA,NA,NA,NA,NA,NA
"373","NSW",2021-03-20,3,51607,0,NA,NA,NA,NA,NA,NA
"374","NSW",2021-03-19,5,51607,0,NA,NA,NA,NA,NA,NA
"375","NSW",2021-03-18,3,51607,4787,NA,NA,NA,NA,NA,NA
"376","NSW",2021-03-17,7,46820,5376,NA,NA,NA,NA,NA,NA
"377","NSW",2021-03-16,2,41444,3891,NA,NA,NA,NA,NA,NA
"378","NSW",2021-03-15,4,37553,733,NA,NA,NA,NA,NA,NA
"379","NSW",2021-03-14,3,36820,0,NA,NA,NA,NA,NA,NA
"380","NSW",2021-03-13,1,36820,5507,NA,NA,NA,NA,NA,NA
"381","NSW",2021-03-12,8,31313,0,NA,NA,NA,NA,NA,NA
"382","NSW",2021-03-11,6,31313,4313,NA,NA,NA,NA,NA,NA
"383","NSW",2021-03-10,5,27000,3077,NA,NA,NA,NA,NA,NA
"384","NSW",2021-03-09,6,23923,2160,NA,NA,NA,NA,NA,NA
"385","NSW",2021-03-08,1,21763,1869,NA,NA,NA,NA,NA,NA
"386","NSW",2021-03-07,2,19894,0,NA,NA,NA,NA,NA,NA
"387","NSW",2021-03-06,3,19894,0,NA,NA,NA,NA,NA,NA
"388","NSW",2021-03-05,12,19894,3089,NA,NA,NA,NA,NA,NA
"389","NSW",2021-03-04,4,16805,2205,NA,NA,NA,NA,NA,NA
"390","NSW",2021-03-03,6,14600,2176,NA,NA,NA,NA,NA,NA
"391","NSW",2021-03-02,3,12424,2085,NA,NA,NA,NA,NA,NA
"392","NSW",2021-03-01,3,10339,2839,NA,NA,NA,NA,NA,NA
"393","NSW",2021-02-28,5,7500,0,NA,NA,NA,NA,NA,NA
"394","NSW",2021-02-27,6,7500,0,NA,NA,NA,NA,NA,NA
"395","NSW",2021-02-26,4,7500,2000,NA,NA,NA,NA,NA,NA
"396","NSW",2021-02-25,7,5500,2300,NA,NA,NA,NA,NA,NA
"397","NSW",2021-02-24,1,3200,1880,NA,NA,NA,NA,NA,NA
"398","NSW",2021-02-23,4,1320,1300,NA,NA,NA,NA,NA,NA
"399","NSW",2021-02-22,1,20,20,NA,NA,NA,NA,NA,NA
"400","NSW",2021-02-21,3,0,0,NA,NA,NA,NA,NA,NA
"401","NSW",2021-02-20,1,0,0,NA,NA,NA,NA,NA,NA
"402","NSW",2021-02-19,2,0,0,NA,NA,NA,NA,NA,NA
"403","NSW",2021-02-18,0,0,0,NA,NA,NA,NA,NA,NA
"404","NSW",2021-02-17,4,0,0,NA,NA,NA,NA,NA,NA
"405","NSW",2021-02-16,1,0,0,NA,NA,NA,NA,NA,NA
"406","NSW",2021-02-15,0,0,0,NA,NA,NA,NA,NA,NA
"407","QLD",2021-09-05,1,3636463,0,NA,NA,NA,NA,NA,NA
"408","QLD",2021-09-04,2,3636463,46663,NA,NA,NA,NA,NA,NA
"409","QLD",2021-09-03,0,3589800,49750,NA,NA,NA,NA,NA,NA
"410","QLD",2021-09-02,2,3540050,48933,NA,NA,NA,NA,NA,NA
"411","QLD",2021-09-01,1,3491117,46359,NA,NA,NA,0.156296296296296,0.338888888888889,0.504814814814815
"412","QLD",2021-08-31,0,3444758,34616,NA,NA,NA,0.208558558558559,0.279189189189189,0.512252252252252
"413","QLD",2021-08-30,2,3410142,20525,0.418333333,0.07,0.511666667,0.195526315789474,0.248552631578947,0.555921052631579
"414","QLD",2021-08-29,1,3389617,30669,0.665,0.0425,0.2925,0.179764705882353,0.214,0.606235294117647
"415","QLD",2021-08-28,4,3358948,47310,NA,NA,NA,0.211617647058824,0.234117647058824,0.554264705882353
"416","QLD",2021-08-27,1,3311638,54789,0.608,0.048,0.344,0.2155,0.26525,0.51925
"417","QLD",2021-08-26,2,3256849,52941,0.54,0.0875,0.3725,0.17593023255814,0.33906976744186,0.485
"418","QLD",2021-08-25,0,3203908,47283,0.526,0.042,0.432,0.1264,0.3588,0.5148
"419","QLD",2021-08-24,6,3156625,36014,0.442,0.048,0.51,0.0133333333333333,0.31,0.676666666666667
"420","QLD",2021-08-23,2,3120611,19361,0.51,0.043333333,0.446666667,0.2725,0.343333333333333,0.384166666666667
"421","QLD",2021-08-22,0,3101250,30907,0.495,0.088333333,0.416666667,NA,NA,NA
"422","QLD",2021-08-21,2,3070343,51286,0.566,0.05,0.384,0,0,1
"423","QLD",2021-08-20,1,3019057,47215,0.53,0.036666667,0.433333333,0.235,0.115,0.65
"424","QLD",2021-08-19,0,2971842,50117,0.633333333,0.04,0.326666667,0.275,0.715,0.01
"425","QLD",2021-08-18,4,2921725,45592,0.521666667,0.05,0.428333333,0.1425,0.645,0.2125
"426","QLD",2021-08-17,2,2876133,38375,0.6925,0.02,0.2875,0.04,0.265,0.695
"427","QLD",2021-08-16,0,2837758,11598,0.478571429,0.032857143,0.488571429,0,0.01,0.99
"428","QLD",2021-08-15,1,2826160,24804,0.732,0.034,0.234,0.005,0.02,0.975
"429","QLD",2021-08-14,7,2801356,46421,0.732,0.034,0.234,0.125,0.47,0.405
"430","QLD",2021-08-13,8,2754935,48815,0.56,0.042,0.398,NA,NA,NA
"431","QLD",2021-08-12,11,2706120,46691,0.5425,0.0425,0.415,0.295,0.36,0.345
"432","QLD",2021-08-11,4,2659429,47451,0.666,0.044,0.29,0.1775,0.4525,0.37
"433","QLD",2021-08-10,3,2611978,37938,0.568571429,0.072857143,0.358571429,0.04,0.445,0.515
"434","QLD",2021-08-09,5,2574040,11022,0.598333333,0.075,0.326666667,0.065,0.4675,0.4675
"435","QLD",2021-08-08,9,2563018,22169,0.482857143,0.08,0.437142857,0.31,0.1775,0.5125
"436","QLD",2021-08-07,13,2540849,46047,0.4475,0.0825,0.47,0.00666666666666667,0.04,0.953333333333333
"437","QLD",2021-08-06,10,2494802,49957,0.562,0.042,0.396,0.28,0.06,0.66
"438","QLD",2021-08-05,27,2444845,47485,0.562,0.042,0.396,0.224,0.248,0.528
"439","QLD",2021-08-04,19,2397360,44275,0.50375,0.08125,0.415,0.2,0.2875,0.5125
"440","QLD",2021-08-03,16,2353085,34704,0.47375,0.075,0.45125,0.18,0.56,0.26
"441","QLD",2021-08-02,15,2318381,8141,0.444285714,0.077142857,0.478571429,0.01,0.14,0.85
"442","QLD",2021-08-01,9,2310240,13563,0.34,0.053333333,0.606666667,0.215714285714286,0.0428571428571429,0.741428571428571
"443","QLD",2021-07-31,7,2296677,33697,NA,NA,NA,0.495,0.02,0.485
"444","QLD",2021-07-30,2,2262980,35785,0.376666667,0.043333333,0.58,0.4,0.1,0.5
"445","QLD",2021-07-29,1,2227195,34736,0.5225,0.045,0.4325,0,0.666666666666667,0.333333333333333
"446","QLD",2021-07-28,20,2192459,34175,0.4,0.076,0.524,0.03,0.01,0.96
"447","QLD",2021-07-27,0,2158284,27187,0.385,0.09,0.525,0.73,0.2575,0.0125
"448","QLD",2021-07-26,1,2131097,6886,0.468,0.046,0.486,0.114,0.322,0.564
"449","QLD",2021-07-25,5,2124211,14448,0.456666667,0.046666667,0.496666667,0.062,0.008,0.93
"450","QLD",2021-07-24,0,2109763,31091,NA,NA,NA,0.5,0.49,0.01
"451","QLD",2021-07-23,3,2078672,33367,0.516,0.068,0.416,0,1,0
"452","QLD",2021-07-22,0,2045305,32136,0.481428571,0.042857143,0.475714286,0.00333333333333333,0.323333333333333,0.673333333333333
"453","QLD",2021-07-21,1,2013169,33205,NA,NA,NA,0.545,0.205,0.25
"454","QLD",2021-07-20,3,1979964,25763,0.43,0.0475,0.5225,0.305,0.135,0.56
"455","QLD",2021-07-19,2,1954201,5536,0.44,0.062,0.498,0.04,0.716666666666667,0.243333333333333
"456","QLD",2021-07-18,1,1948665,14898,NA,NA,NA,0.27625,0.07625,0.6475
"457","QLD",2021-07-17,1,1933767,28917,NA,NA,NA,0.48,0.02,0.5
"458","QLD",2021-07-16,1,1904850,35851,0.6225,0.05,0.3275,0.02,0.97,0.01
"459","QLD",2021-07-15,5,1868999,33435,0.488333333,0.088333333,0.423333333,0.17,0.445,0.385
"460","QLD",2021-07-14,5,1835564,34669,NA,NA,NA,0.01,0.04,0.95
"461","QLD",2021-07-13,3,1800895,28065,0.3775,0.0525,0.57,0.4675,0.18,0.3525
"462","QLD",2021-07-12,1,1772830,6613,0.574,0.052,0.374,0.55,0.0425,0.4075
"463","QLD",2021-07-11,1,1766217,13959,NA,NA,NA,0.2575,0.21,0.5325
"464","QLD",2021-07-10,5,1752258,29961,NA,NA,NA,0,0.725,0.275
"465","QLD",2021-07-09,0,1722297,34391,0.573333333,0.023333333,0.403333333,0.225,0.471666666666667,0.303333333333333
"466","QLD",2021-07-08,3,1687906,36162,0.395,0.0575,0.5475,0.196666666666667,0.361666666666667,0.441666666666667
"467","QLD",2021-07-07,1,1651744,33780,0.516666667,0.04,0.443333333,0.015,0.215,0.77
"468","QLD",2021-07-06,6,1617964,27362,0.532,0.07,0.398,0.0266666666666667,0.32,0.653333333333333
"469","QLD",2021-07-05,7,1590602,6439,0.596,0.048,0.356,0.316666666666667,0.13,0.553333333333333
"470","QLD",2021-07-04,2,1584163,14301,NA,NA,NA,0.035,0.48,0.485
"471","QLD",2021-07-03,8,1569862,31831,NA,NA,NA,NA,NA,NA
"472","QLD",2021-07-02,5,1538031,38563,NA,NA,NA,0.0825,0.705,0.2125
"473","QLD",2021-07-01,4,1499468,38764,NA,NA,NA,0.525,0.47,0.005
"474","QLD",2021-06-30,4,1460704,32551,NA,NA,NA,NA,NA,NA
"475","QLD",2021-06-29,4,1428153,23959,NA,NA,NA,NA,NA,NA
"476","QLD",2021-06-28,3,1404194,8197,NA,NA,NA,NA,NA,NA
"477","QLD",2021-06-27,3,1395997,14395,NA,NA,NA,NA,NA,NA
"478","QLD",2021-06-26,1,1381602,25314,NA,NA,NA,NA,NA,NA
"479","QLD",2021-06-25,2,1356288,29809,NA,NA,NA,NA,NA,NA
"480","QLD",2021-06-24,4,1326479,29867,NA,NA,NA,NA,NA,NA
"481","QLD",2021-06-23,1,1296612,29536,NA,NA,NA,NA,NA,NA
"482","QLD",2021-06-22,3,1267076,24327,NA,NA,NA,NA,NA,NA
"483","QLD",2021-06-21,5,1242749,8020,NA,NA,NA,NA,NA,NA
"484","QLD",2021-06-20,1,1234729,12571,NA,NA,NA,NA,NA,NA
"485","QLD",2021-06-19,0,1222158,28381,NA,NA,NA,NA,NA,NA
"486","QLD",2021-06-18,3,1193777,30146,NA,NA,NA,NA,NA,NA
"487","QLD",2021-06-17,6,1163631,27053,NA,NA,NA,NA,NA,NA
"488","QLD",2021-06-16,0,1136578,30676,NA,NA,NA,NA,NA,NA
"489","QLD",2021-06-15,2,1105902,24895,NA,NA,NA,NA,NA,NA
"490","QLD",2021-06-14,1,1081007,5705,NA,NA,NA,NA,NA,NA
"491","QLD",2021-06-13,7,1075302,10525,NA,NA,NA,NA,NA,NA
"492","QLD",2021-06-12,1,1064777,24452,NA,NA,NA,NA,NA,NA
"493","QLD",2021-06-11,0,1040325,28462,NA,NA,NA,NA,NA,NA
"494","QLD",2021-06-10,7,1011863,26219,NA,NA,NA,NA,NA,NA
"495","QLD",2021-06-09,3,985644,25687,NA,NA,NA,NA,NA,NA
"496","QLD",2021-06-08,1,959957,22956,NA,NA,NA,NA,NA,NA
"497","QLD",2021-06-07,0,937001,8218,NA,NA,NA,NA,NA,NA
"498","QLD",2021-06-06,2,928783,14565,NA,NA,NA,NA,NA,NA
"499","QLD",2021-06-05,1,914218,25200,NA,NA,NA,NA,NA,NA
"500","QLD",2021-06-04,0,889018,26170,NA,NA,NA,NA,NA,NA
"501","QLD",2021-06-03,2,862848,23512,NA,NA,NA,NA,NA,NA
"502","QLD",2021-06-02,1,839336,24234,NA,NA,NA,NA,NA,NA
"503","QLD",2021-06-01,0,815102,19129,NA,NA,NA,NA,NA,NA
"504","QLD",2021-05-31,0,795973,1330,NA,NA,NA,NA,NA,NA
"505","QLD",2021-05-30,2,794643,4581,NA,NA,NA,NA,NA,NA
"506","QLD",2021-05-29,1,790062,19046,NA,NA,NA,NA,NA,NA
"507","QLD",2021-05-28,2,771016,21669,NA,NA,NA,NA,NA,NA
"508","QLD",2021-05-27,2,749347,20240,NA,NA,NA,NA,NA,NA
"509","QLD",2021-05-26,1,729107,18530,NA,NA,NA,NA,NA,NA
"510","QLD",2021-05-25,2,710577,16271,NA,NA,NA,NA,NA,NA
"511","QLD",2021-05-24,3,694306,1365,NA,NA,NA,NA,NA,NA
"512","QLD",2021-05-23,0,692941,4148,NA,NA,NA,NA,NA,NA
"513","QLD",2021-05-22,2,688793,15064,NA,NA,NA,NA,NA,NA
"514","QLD",2021-05-21,2,673729,17573,NA,NA,NA,NA,NA,NA
"515","QLD",2021-05-20,1,656156,15225,NA,NA,NA,NA,NA,NA
"516","QLD",2021-05-19,1,640931,14529,NA,NA,NA,NA,NA,NA
"517","QLD",2021-05-18,2,626402,12571,NA,NA,NA,NA,NA,NA
"518","QLD",2021-05-17,1,613831,1291,NA,NA,NA,NA,NA,NA
"519","QLD",2021-05-16,1,612540,3079,NA,NA,NA,NA,NA,NA
"520","QLD",2021-05-15,1,609461,13253,NA,NA,NA,NA,NA,NA
"521","QLD",2021-05-14,0,596208,13831,NA,NA,NA,NA,NA,NA
"522","QLD",2021-05-13,0,582377,14443,NA,NA,NA,NA,NA,NA
"523","QLD",2021-05-12,3,567934,14355,NA,NA,NA,NA,NA,NA
"524","QLD",2021-05-11,0,553579,12319,NA,NA,NA,NA,NA,NA
"525","QLD",2021-05-10,1,541260,1792,NA,NA,NA,NA,NA,NA
"526","QLD",2021-05-09,3,539468,3281,NA,NA,NA,NA,NA,NA
"527","QLD",2021-05-08,2,536187,14830,NA,NA,NA,NA,NA,NA
"528","QLD",2021-05-07,2,521357,15798,NA,NA,NA,NA,NA,NA
"529","QLD",2021-05-06,3,505559,15032,NA,NA,NA,NA,NA,NA
"530","QLD",2021-05-05,0,490527,14957,NA,NA,NA,NA,NA,NA
"531","QLD",2021-05-04,1,475570,2048,NA,NA,NA,NA,NA,NA
"532","QLD",2021-05-03,3,473522,893,NA,NA,NA,NA,NA,NA
"533","QLD",2021-05-02,0,472629,3229,NA,NA,NA,NA,NA,NA
"534","QLD",2021-05-01,0,469400,10975,NA,NA,NA,NA,NA,NA
"535","QLD",2021-04-30,3,458425,14360,NA,NA,NA,NA,NA,NA
"536","QLD",2021-04-29,4,444065,16893,NA,NA,NA,NA,NA,NA
"537","QLD",2021-04-28,9,427172,12396,NA,NA,NA,NA,NA,NA
"538","QLD",2021-04-27,2,414776,1534,NA,NA,NA,NA,NA,NA
"539","QLD",2021-04-26,2,413242,317,NA,NA,NA,NA,NA,NA
"540","QLD",2021-04-25,2,412925,3361,NA,NA,NA,NA,NA,NA
"541","QLD",2021-04-24,1,409564,12888,NA,NA,NA,NA,NA,NA
"542","QLD",2021-04-23,4,396676,15974,NA,NA,NA,NA,NA,NA
"543","QLD",2021-04-22,0,380702,13610,NA,NA,NA,NA,NA,NA
"544","QLD",2021-04-21,1,367092,13165,NA,NA,NA,NA,NA,NA
"545","QLD",2021-04-20,0,353927,13373,NA,NA,NA,NA,NA,NA
"546","QLD",2021-04-19,0,340554,34847,NA,NA,NA,NA,NA,NA
"547","QLD",2021-04-18,2,305707,3584,NA,NA,NA,NA,NA,NA
"548","QLD",2021-04-17,1,302123,10157,NA,NA,NA,NA,NA,NA
"549","QLD",2021-04-16,5,291966,12850,NA,NA,NA,NA,NA,NA
"550","QLD",2021-04-15,0,279116,13013,NA,NA,NA,NA,NA,NA
"551","QLD",2021-04-14,2,266103,11363,NA,NA,NA,NA,NA,NA
"552","QLD",2021-04-13,2,254740,11486,NA,NA,NA,NA,NA,NA
"553","QLD",2021-04-12,2,243254,2259,NA,NA,NA,NA,NA,NA
"554","QLD",2021-04-11,0,240995,5261,NA,NA,NA,NA,NA,NA
"555","QLD",2021-04-10,1,235734,12850,NA,NA,NA,NA,NA,NA
"556","QLD",2021-04-09,1,222884,122586,NA,NA,NA,NA,NA,NA
"557","QLD",2021-04-08,3,100298,5536,NA,NA,NA,NA,NA,NA
"558","QLD",2021-04-07,6,94762,5412,NA,NA,NA,NA,NA,NA
"559","QLD",2021-04-06,0,89350,1068,NA,NA,NA,NA,NA,NA
"560","QLD",2021-04-05,4,88282,0,NA,NA,NA,NA,NA,NA
"561","QLD",2021-04-04,1,88282,34,NA,NA,NA,NA,NA,NA
"562","QLD",2021-04-03,3,88248,1028,NA,NA,NA,NA,NA,NA
"563","QLD",2021-04-02,8,87220,7686,NA,NA,NA,NA,NA,NA
"564","QLD",2021-04-01,10,79534,7592,NA,NA,NA,NA,NA,NA
"565","QLD",2021-03-31,3,71942,6813,NA,NA,NA,NA,NA,NA
"566","QLD",2021-03-30,10,65129,6003,NA,NA,NA,NA,NA,NA
"567","QLD",2021-03-29,10,59126,196,NA,NA,NA,NA,NA,NA
"568","QLD",2021-03-28,3,58930,491,NA,NA,NA,NA,NA,NA
"569","QLD",2021-03-27,6,58439,4546,NA,NA,NA,NA,NA,NA
"570","QLD",2021-03-26,7,53893,4431,NA,NA,NA,NA,NA,NA
"571","QLD",2021-03-25,3,49462,4394,NA,NA,NA,NA,NA,NA
"572","QLD",2021-03-24,4,45068,4198,NA,NA,NA,NA,NA,NA
"573","QLD",2021-03-23,3,40870,3868,NA,NA,NA,NA,NA,NA
"574","QLD",2021-03-22,4,37002,177,NA,NA,NA,NA,NA,NA
"575","QLD",2021-03-21,2,36825,121,NA,NA,NA,NA,NA,NA
"576","QLD",2021-03-20,4,36704,4177,NA,NA,NA,NA,NA,NA
"577","QLD",2021-03-19,9,32527,3994,NA,NA,NA,NA,NA,NA
"578","QLD",2021-03-18,8,28533,3360,NA,NA,NA,NA,NA,NA
"579","QLD",2021-03-17,6,25173,3312,NA,NA,NA,NA,NA,NA
"580","QLD",2021-03-16,2,21861,3156,NA,NA,NA,NA,NA,NA
"581","QLD",2021-03-15,6,18705,0,NA,NA,NA,NA,NA,NA
"582","QLD",2021-03-14,1,18705,294,NA,NA,NA,NA,NA,NA
"583","QLD",2021-03-13,4,18411,2291,NA,NA,NA,NA,NA,NA
"584","QLD",2021-03-12,2,16120,2131,NA,NA,NA,NA,NA,NA
"585","QLD",2021-03-11,5,13989,1993,NA,NA,NA,NA,NA,NA
"586","QLD",2021-03-10,5,11996,1904,NA,NA,NA,NA,NA,NA
"587","QLD",2021-03-09,5,10092,1792,NA,NA,NA,NA,NA,NA
"588","QLD",2021-03-08,5,8300,0,NA,NA,NA,NA,NA,NA
"589","QLD",2021-03-07,1,8300,292,NA,NA,NA,NA,NA,NA
"590","QLD",2021-03-06,3,8008,1474,NA,NA,NA,NA,NA,NA
"591","QLD",2021-03-05,1,6534,1125,NA,NA,NA,NA,NA,NA
"592","QLD",2021-03-04,7,5409,1197,NA,NA,NA,NA,NA,NA
"593","QLD",2021-03-03,0,4212,1202,NA,NA,NA,NA,NA,NA
"594","QLD",2021-03-02,4,3010,980,NA,NA,NA,NA,NA,NA
"595","QLD",2021-03-01,2,2030,0,NA,NA,NA,NA,NA,NA
"596","QLD",2021-02-28,0,2030,0,NA,NA,NA,NA,NA,NA
"597","QLD",2021-02-27,1,2030,653,NA,NA,NA,NA,NA,NA
"598","QLD",2021-02-26,4,1377,435,NA,NA,NA,NA,NA,NA
"599","QLD",2021-02-25,1,942,415,NA,NA,NA,NA,NA,NA
"600","QLD",2021-02-24,0,527,324,NA,NA,NA,NA,NA,NA
"601","QLD",2021-02-23,0,203,203,NA,NA,NA,NA,NA,NA
"602","QLD",2021-02-22,2,0,0,NA,NA,NA,NA,NA,NA
"603","QLD",2021-02-21,0,0,0,NA,NA,NA,NA,NA,NA
"604","QLD",2021-02-20,0,0,0,NA,NA,NA,NA,NA,NA
"605","QLD",2021-02-19,0,0,0,NA,NA,NA,NA,NA,NA
"606","QLD",2021-02-18,0,0,0,NA,NA,NA,NA,NA,NA
"607","QLD",2021-02-17,0,0,0,NA,NA,NA,NA,NA,NA
"608","QLD",2021-02-16,0,0,0,NA,NA,NA,NA,NA,NA
"609","QLD",2021-02-15,0,0,0,NA,NA,NA,NA,NA,NA
"610","TAS",2021-09-05,0,471297,0,NA,NA,NA,NA,NA,NA
"611","TAS",2021-09-04,0,471297,5407,NA,NA,NA,NA,NA,NA
"612","TAS",2021-09-03,0,465890,5489,NA,NA,NA,NA,NA,NA
"613","TAS",2021-09-02,0,460401,5896,NA,NA,NA,NA,NA,NA
"614","TAS",2021-09-01,0,454505,6345,NA,NA,NA,NA,NA,NA
"615","TAS",2021-08-31,0,448160,5159,NA,NA,NA,0.414444444444444,0.163333333333333,0.422222222222222
"616","TAS",2021-08-30,0,443001,2916,NA,NA,NA,0.26,0.0925,0.6475
"617","TAS",2021-08-29,0,440085,4714,NA,NA,NA,0.188333333333333,0.0158333333333333,0.795833333333333
"618","TAS",2021-08-28,0,435371,5294,NA,NA,NA,0.23,0.214,0.556
"619","TAS",2021-08-27,0,430077,5546,0.585,0.105,0.31,0.266666666666667,0.39,0.343333333333333
"620","TAS",2021-08-26,0,424531,5493,NA,NA,NA,0.268,0.032,0.7
"621","TAS",2021-08-25,0,419038,4975,NA,NA,NA,NA,NA,NA
"622","TAS",2021-08-24,0,414063,4523,NA,NA,NA,0.01,0.78,0.21
"623","TAS",2021-08-23,0,409540,2134,NA,NA,NA,NA,NA,NA
"624","TAS",2021-08-22,0,407406,3944,NA,NA,NA,NA,NA,NA
"625","TAS",2021-08-21,0,403462,4511,NA,NA,NA,NA,NA,NA
"626","TAS",2021-08-20,0,398951,5799,0.303333333,0.31,0.386666667,0.06,0.92,0.02
"627","TAS",2021-08-19,0,393152,4669,NA,NA,NA,NA,NA,NA
"628","TAS",2021-08-18,0,388483,4782,NA,NA,NA,0.99,0.01,0
"629","TAS",2021-08-17,0,383701,4102,NA,NA,NA,NA,NA,NA
"630","TAS",2021-08-16,0,379599,860,NA,NA,NA,NA,NA,NA
"631","TAS",2021-08-15,0,378739,3317,NA,NA,NA,0.01,0.98,0.01
"632","TAS",2021-08-14,0,375422,4267,NA,NA,NA,NA,NA,NA
"633","TAS",2021-08-13,0,371155,5936,0.58,0.09,0.33,NA,NA,NA
"634","TAS",2021-08-12,0,365219,4254,NA,NA,NA,0,0,1
"635","TAS",2021-08-11,0,360965,4695,0.433333333,0.086666667,0.48,NA,NA,NA
"636","TAS",2021-08-10,0,356270,4363,NA,NA,NA,NA,NA,NA
"637","TAS",2021-08-09,0,351907,5999,0.255,0.065,0.68,NA,NA,NA
"638","TAS",2021-08-08,0,345908,1385,0.39,0.105,0.505,NA,NA,NA
"639","TAS",2021-08-07,0,344523,1530,0.135,0.05,0.815,NA,NA,NA
"640","TAS",2021-08-06,0,342993,5494,0.31,0.07,0.62,0.03,0.02,0.95
"641","TAS",2021-08-05,1,337499,2789,0.36,0.04,0.6,0.02,0.96,0.02
"642","TAS",2021-08-04,0,334710,4929,NA,NA,NA,NA,NA,NA
"643","TAS",2021-08-03,0,329781,3298,NA,NA,NA,NA,NA,NA
"644","TAS",2021-08-02,0,326483,5488,0.315,0.04,0.645,0.255,0.49,0.255
"645","TAS",2021-08-01,0,320995,1194,NA,NA,NA,NA,NA,NA
"646","TAS",2021-07-31,0,319801,2113,0.4,0.14,0.46,NA,NA,NA
"647","TAS",2021-07-30,0,317688,4625,0.55,0.09,0.36,NA,NA,NA
"648","TAS",2021-07-29,0,313063,3655,NA,NA,NA,NA,NA,NA
"649","TAS",2021-07-28,0,309408,4291,NA,NA,NA,NA,NA,NA
"650","TAS",2021-07-27,0,305117,3646,NA,NA,NA,NA,NA,NA
"651","TAS",2021-07-26,0,301471,2242,0.665,0.1,0.235,NA,NA,NA
"652","TAS",2021-07-25,0,299229,2632,NA,NA,NA,NA,NA,NA
"653","TAS",2021-07-24,0,296597,3981,NA,NA,NA,0,0,1
"654","TAS",2021-07-23,0,292616,4071,0.43,0.28,0.29,NA,NA,NA
"655","TAS",2021-07-22,0,288545,3488,0.36,0.06,0.58,NA,NA,NA
"656","TAS",2021-07-21,0,285057,3407,NA,NA,NA,NA,NA,NA
"657","TAS",2021-07-20,0,281650,4360,0.45,0.08,0.47,NA,NA,NA
"658","TAS",2021-07-19,0,277290,1593,NA,NA,NA,NA,NA,NA
"659","TAS",2021-07-18,0,275697,2697,NA,NA,NA,NA,NA,NA
"660","TAS",2021-07-17,0,273000,3478,0.21,0.07,0.72,NA,NA,NA
"661","TAS",2021-07-16,0,269522,3614,0.71,0.055,0.235,NA,NA,NA
"662","TAS",2021-07-15,0,265908,3171,0.25,0.09,0.66,NA,NA,NA
"663","TAS",2021-07-14,0,262737,3149,NA,NA,NA,NA,NA,NA
"664","TAS",2021-07-13,0,259588,3499,NA,NA,NA,NA,NA,NA
"665","TAS",2021-07-12,0,256089,2138,0.515,0.09,0.395,NA,NA,NA
"666","TAS",2021-07-11,0,253951,2598,NA,NA,NA,NA,NA,NA
"667","TAS",2021-07-10,0,251353,2644,0.46,0.11,0.43,NA,NA,NA
"668","TAS",2021-07-09,0,248709,3858,0.676666667,0.046666667,0.276666667,NA,NA,NA
"669","TAS",2021-07-08,0,244851,2942,NA,NA,NA,NA,NA,NA
"670","TAS",2021-07-07,0,241909,3927,NA,NA,NA,NA,NA,NA
"671","TAS",2021-07-06,0,237982,3522,NA,NA,NA,NA,NA,NA
"672","TAS",2021-07-05,0,234460,1621,0.315,0.515,0.17,NA,NA,NA
"673","TAS",2021-07-04,0,232839,3037,NA,NA,NA,NA,NA,NA
"674","TAS",2021-07-03,0,229802,3389,NA,NA,NA,NA,NA,NA
"675","TAS",2021-07-02,0,226413,3444,NA,NA,NA,NA,NA,NA
"676","TAS",2021-07-01,0,222969,3593,NA,NA,NA,NA,NA,NA
"677","TAS",2021-06-30,0,219376,3227,NA,NA,NA,NA,NA,NA
"678","TAS",2021-06-29,0,216149,2574,NA,NA,NA,NA,NA,NA
"679","TAS",2021-06-28,0,213575,1701,NA,NA,NA,NA,NA,NA
"680","TAS",2021-06-27,0,211874,2967,NA,NA,NA,NA,NA,NA
"681","TAS",2021-06-26,0,208907,2424,NA,NA,NA,NA,NA,NA
"682","TAS",2021-06-25,0,206483,3550,NA,NA,NA,NA,NA,NA
"683","TAS",2021-06-24,0,202933,3706,NA,NA,NA,NA,NA,NA
"684","TAS",2021-06-23,0,199227,3805,NA,NA,NA,NA,NA,NA
"685","TAS",2021-06-22,0,195422,3374,NA,NA,NA,NA,NA,NA
"686","TAS",2021-06-21,0,192048,2233,NA,NA,NA,NA,NA,NA
"687","TAS",2021-06-20,0,189815,3036,NA,NA,NA,NA,NA,NA
"688","TAS",2021-06-19,0,186779,3631,NA,NA,NA,NA,NA,NA
"689","TAS",2021-06-18,0,183148,3112,NA,NA,NA,NA,NA,NA
"690","TAS",2021-06-17,0,180036,2897,NA,NA,NA,NA,NA,NA
"691","TAS",2021-06-16,0,177139,3870,NA,NA,NA,NA,NA,NA
"692","TAS",2021-06-15,0,173269,294,NA,NA,NA,NA,NA,NA
"693","TAS",2021-06-14,0,172975,620,NA,NA,NA,NA,NA,NA
"694","TAS",2021-06-13,0,172355,1681,NA,NA,NA,NA,NA,NA
"695","TAS",2021-06-12,0,170674,3374,NA,NA,NA,NA,NA,NA
"696","TAS",2021-06-11,0,167300,3237,NA,NA,NA,NA,NA,NA
"697","TAS",2021-06-10,0,164063,2504,NA,NA,NA,NA,NA,NA
"698","TAS",2021-06-09,0,161559,3909,NA,NA,NA,NA,NA,NA
"699","TAS",2021-06-08,0,157650,3430,NA,NA,NA,NA,NA,NA
"700","TAS",2021-06-07,0,154220,1388,NA,NA,NA,NA,NA,NA
"701","TAS",2021-06-06,0,152832,2599,NA,NA,NA,NA,NA,NA
"702","TAS",2021-06-05,0,150233,3761,NA,NA,NA,NA,NA,NA
"703","TAS",2021-06-04,0,146472,1790,NA,NA,NA,NA,NA,NA
"704","TAS",2021-06-03,0,144682,2763,NA,NA,NA,NA,NA,NA
"705","TAS",2021-06-02,0,141919,3017,NA,NA,NA,NA,NA,NA
"706","TAS",2021-06-01,0,138902,4440,NA,NA,NA,NA,NA,NA
"707","TAS",2021-05-31,0,134462,220,NA,NA,NA,NA,NA,NA
"708","TAS",2021-05-30,0,134242,2284,NA,NA,NA,NA,NA,NA
"709","TAS",2021-05-29,0,131958,2507,NA,NA,NA,NA,NA,NA
"710","TAS",2021-05-28,0,129451,2452,NA,NA,NA,NA,NA,NA
"711","TAS",2021-05-27,0,126999,2855,NA,NA,NA,NA,NA,NA
"712","TAS",2021-05-26,0,124144,2618,NA,NA,NA,NA,NA,NA
"713","TAS",2021-05-25,0,121526,2179,NA,NA,NA,NA,NA,NA
"714","TAS",2021-05-24,0,119347,1142,NA,NA,NA,NA,NA,NA
"715","TAS",2021-05-23,0,118205,2444,NA,NA,NA,NA,NA,NA
"716","TAS",2021-05-22,0,115761,3404,NA,NA,NA,NA,NA,NA
"717","TAS",2021-05-21,0,112357,2195,NA,NA,NA,NA,NA,NA
"718","TAS",2021-05-20,0,110162,1504,NA,NA,NA,NA,NA,NA
"719","TAS",2021-05-19,0,108658,4116,NA,NA,NA,NA,NA,NA
"720","TAS",2021-05-18,0,104542,2501,NA,NA,NA,NA,NA,NA
"721","TAS",2021-05-17,0,102041,451,NA,NA,NA,NA,NA,NA
"722","TAS",2021-05-16,0,101590,1224,NA,NA,NA,NA,NA,NA
"723","TAS",2021-05-15,0,100366,2234,NA,NA,NA,NA,NA,NA
"724","TAS",2021-05-14,0,98132,2369,NA,NA,NA,NA,NA,NA
"725","TAS",2021-05-13,0,95763,1891,NA,NA,NA,NA,NA,NA
"726","TAS",2021-05-12,0,93872,2108,NA,NA,NA,NA,NA,NA
"727","TAS",2021-05-11,0,91764,1958,NA,NA,NA,NA,NA,NA
"728","TAS",2021-05-10,0,89806,107,NA,NA,NA,NA,NA,NA
"729","TAS",2021-05-09,0,89699,1296,NA,NA,NA,NA,NA,NA
"730","TAS",2021-05-08,0,88403,2287,NA,NA,NA,NA,NA,NA
"731","TAS",2021-05-07,0,86116,1844,NA,NA,NA,NA,NA,NA
"732","TAS",2021-05-06,0,84272,1367,NA,NA,NA,NA,NA,NA
"733","TAS",2021-05-05,0,82905,2253,NA,NA,NA,NA,NA,NA
"734","TAS",2021-05-04,0,80652,2681,NA,NA,NA,NA,NA,NA
"735","TAS",2021-05-03,0,77971,219,NA,NA,NA,NA,NA,NA
"736","TAS",2021-05-02,0,77752,799,NA,NA,NA,NA,NA,NA
"737","TAS",2021-05-01,0,76953,1470,NA,NA,NA,NA,NA,NA
"738","TAS",2021-04-30,0,75483,1886,NA,NA,NA,NA,NA,NA
"739","TAS",2021-04-29,0,73597,2557,NA,NA,NA,NA,NA,NA
"740","TAS",2021-04-28,0,71040,1854,NA,NA,NA,NA,NA,NA
"741","TAS",2021-04-27,0,69186,1573,NA,NA,NA,NA,NA,NA
"742","TAS",2021-04-26,0,67613,151,NA,NA,NA,NA,NA,NA
"743","TAS",2021-04-25,0,67462,741,NA,NA,NA,NA,NA,NA
"744","TAS",2021-04-24,0,66721,1416,NA,NA,NA,NA,NA,NA
"745","TAS",2021-04-23,0,65305,2301,NA,NA,NA,NA,NA,NA
"746","TAS",2021-04-22,0,63004,2184,NA,NA,NA,NA,NA,NA
"747","TAS",2021-04-21,0,60820,2114,NA,NA,NA,NA,NA,NA
"748","TAS",2021-04-20,0,58706,1906,NA,NA,NA,NA,NA,NA
"749","TAS",2021-04-19,0,56800,35,NA,NA,NA,NA,NA,NA
"750","TAS",2021-04-18,0,56765,1110,NA,NA,NA,NA,NA,NA
"751","TAS",2021-04-17,0,55655,1570,NA,NA,NA,NA,NA,NA
"752","TAS",2021-04-16,0,54085,2271,NA,NA,NA,NA,NA,NA
"753","TAS",2021-04-15,0,51814,2133,NA,NA,NA,NA,NA,NA
"754","TAS",2021-04-14,0,49681,2313,NA,NA,NA,NA,NA,NA
"755","TAS",2021-04-13,0,47368,1813,NA,NA,NA,NA,NA,NA
"756","TAS",2021-04-12,0,45555,669,NA,NA,NA,NA,NA,NA
"757","TAS",2021-04-11,0,44886,1898,NA,NA,NA,NA,NA,NA
"758","TAS",2021-04-10,0,42988,2792,NA,NA,NA,NA,NA,NA
"759","TAS",2021-04-09,0,40196,20446,NA,NA,NA,NA,NA,NA
"760","TAS",2021-04-08,0,19750,2239,NA,NA,NA,NA,NA,NA
"761","TAS",2021-04-07,0,17511,0,NA,NA,NA,NA,NA,NA
"762","TAS",2021-04-06,0,17511,0,NA,NA,NA,NA,NA,NA
"763","TAS",2021-04-05,0,17511,0,NA,NA,NA,NA,NA,NA
"764","TAS",2021-04-04,0,17511,2434,NA,NA,NA,NA,NA,NA
"765","TAS",2021-04-03,0,15077,0,NA,NA,NA,NA,NA,NA
"766","TAS",2021-04-02,0,15077,0,NA,NA,NA,NA,NA,NA
"767","TAS",2021-04-01,0,15077,0,NA,NA,NA,NA,NA,NA
"768","TAS",2021-03-31,0,15077,1327,NA,NA,NA,NA,NA,NA
"769","TAS",2021-03-30,0,13750,659,NA,NA,NA,NA,NA,NA
"770","TAS",2021-03-29,0,13091,1363,NA,NA,NA,NA,NA,NA
"771","TAS",2021-03-28,0,11728,0,NA,NA,NA,NA,NA,NA
"772","TAS",2021-03-27,0,11728,0,NA,NA,NA,NA,NA,NA
"773","TAS",2021-03-26,0,11728,721,NA,NA,NA,NA,NA,NA
"774","TAS",2021-03-25,0,11007,1153,NA,NA,NA,NA,NA,NA
"775","TAS",2021-03-24,0,9854,1011,NA,NA,NA,NA,NA,NA
"776","TAS",2021-03-23,0,8843,576,NA,NA,NA,NA,NA,NA
"777","TAS",2021-03-22,0,8267,222,NA,NA,NA,NA,NA,NA
"778","TAS",2021-03-21,0,8045,414,NA,NA,NA,NA,NA,NA
"779","TAS",2021-03-20,0,7631,0,NA,NA,NA,NA,NA,NA
"780","TAS",2021-03-19,0,7631,916,NA,NA,NA,NA,NA,NA
"781","TAS",2021-03-18,0,6715,950,NA,NA,NA,NA,NA,NA
"782","TAS",2021-03-17,0,5765,1149,NA,NA,NA,NA,NA,NA
"783","TAS",2021-03-16,0,4616,763,NA,NA,NA,NA,NA,NA
"784","TAS",2021-03-15,0,3853,186,NA,NA,NA,NA,NA,NA
"785","TAS",2021-03-14,0,3667,0,NA,NA,NA,NA,NA,NA
"786","TAS",2021-03-13,0,3667,6,NA,NA,NA,NA,NA,NA
"787","TAS",2021-03-12,0,3661,406,NA,NA,NA,NA,NA,NA
"788","TAS",2021-03-11,0,3255,542,NA,NA,NA,NA,NA,NA
"789","TAS",2021-03-10,0,2713,386,NA,NA,NA,NA,NA,NA
"790","TAS",2021-03-09,0,2327,0,NA,NA,NA,NA,NA,NA
"791","TAS",2021-03-08,0,2327,0,NA,NA,NA,NA,NA,NA
"792","TAS",2021-03-07,0,2327,0,NA,NA,NA,NA,NA,NA
"793","TAS",2021-03-06,0,2327,0,NA,NA,NA,NA,NA,NA
"794","TAS",2021-03-05,0,2327,357,NA,NA,NA,NA,NA,NA
"795","TAS",2021-03-04,0,1970,470,NA,NA,NA,NA,NA,NA
"796","TAS",2021-03-03,0,1500,335,NA,NA,NA,NA,NA,NA
"797","TAS",2021-03-02,0,1165,0,NA,NA,NA,NA,NA,NA
"798","TAS",2021-03-01,0,1165,6,NA,NA,NA,NA,NA,NA
"799","TAS",2021-02-28,0,1159,0,NA,NA,NA,NA,NA,NA
"800","TAS",2021-02-27,0,1159,0,NA,NA,NA,NA,NA,NA
"801","TAS",2021-02-26,0,1159,352,NA,NA,NA,NA,NA,NA
"802","TAS",2021-02-25,0,807,424,NA,NA,NA,NA,NA,NA
"803","TAS",2021-02-24,0,383,293,NA,NA,NA,NA,NA,NA
"804","TAS",2021-02-23,0,90,90,NA,NA,NA,NA,NA,NA
"805","TAS",2021-02-22,0,0,0,NA,NA,NA,NA,NA,NA
"806","TAS",2021-02-21,0,0,0,NA,NA,NA,NA,NA,NA
"807","TAS",2021-02-20,0,0,0,NA,NA,NA,NA,NA,NA
"808","TAS",2021-02-19,0,0,0,NA,NA,NA,NA,NA,NA
"809","TAS",2021-02-18,0,0,0,NA,NA,NA,NA,NA,NA
"810","TAS",2021-02-17,0,0,0,NA,NA,NA,NA,NA,NA
"811","TAS",2021-02-16,0,0,0,NA,NA,NA,NA,NA,NA
"812","TAS",2021-02-15,0,0,0,NA,NA,NA,NA,NA,NA
